hajoca_product_id,sku,description,category,manufacturer,manufacturer_cleaned,uom,hajoca_profit_center,current_price,availability,qty_avail,is_active,status,sell_qty,pkg_qty,pricing_qty,catalog_no,hist_purchases,has_image
5199794,3349296,"KOHLER K-27291-2MB ELATE  9"" TOWEL ARM 2MB ",General,Unknown,Kohler,EA,328,5655,in_stock,0,True,,0,0,0,,0,0
9114717,,AOS 100109699 18KW 277V CONV KIT 6 ELEMENTS,General,Unknown,,EA,328,3636,in_stock,0,True,,0,0,0,,0,0
5379,2498421,DELTA RP17443 LEVER HANDLE FOR LAV & T&S,General,Unknown,Delta,EA,328,8139,in_stock,0,True,,0,0,0,,0,0
1649430,,1-1/2x2-1/2 XH NIPPLE BLACK,General,Unknown,,EA,328,8513,in_stock,0,True,,0,0,0,,0,1
8134810,,IPEX 4IN SCH80 PVC PIPE STRAP (236264) (PS40),General,Unknown,,EA,328,2370,in_stock,0,True,,0,0,0,,0,0
3271384,2948229,KOHLER K-T97367-4-BN FRSTNDG BATH FCT,General,Unknown,Kohler,EA,328,5485,in_stock,0,True,,0,0,0,,0,0
6717927,1901761,"WATTS LF25AUB-Z3 1-1/2"" PRV FNPT X FNPT UNION (0009431)",General,Unknown,Watts,EA,328,4923,in_stock,0,True,,0,0,0,,0,1
2559,3308961,2x1-1/2x2 STREET SAN TEE ABS (ABS404) (105127L)   (5811-2),General,Unknown,,EA,328,1536,in_stock,5,True,,0,0,0,,0,1
8515,2263409,2x2T SAN TAP TEE NH,General,Unknown,,EA,328,6177,in_stock,0,True,,0,0,0,,0,0
68276,3365954,CHERNE 274-054 5FT EXTENSION HOSE,General,Unknown,,EA,328,3223,in_stock,0,True,,0,0,0,,0,1
3274211,2177269,KOHLER K-45906-CP HYDRORAIL RETROFIT SHOWER COLUMN CP,General,Unknown,Kohler,EA,328,6282,in_stock,0,True,,0,0,0,,0,0
2924581,2075893,KOHLER K-98348-CP AWAKEN ADJUSTABLE HANDSHOWER HOLDER CHROME,General,Unknown,Kohler,EA,328,2278,in_stock,0,True,,0,0,0,,0,0
3868559,,"MILW TOOL 49-56-8000 1/4""X4"" THUNDERBOLT PILOT DRILL HOLE SAW",General,Unknown,Milwaukee Tool,EA,328,2355,in_stock,0,True,,0,0,0,,0,0
82088,1725114,"M/R 77020 1-1/2"" WATER-GATE TOOL",General,Unknown,,EA,328,7481,in_stock,0,True,,0,0,0,,0,0
45938,2116088,"2"" PVC/DWV SLIP CAP (PVC116) (193082) (P116-020)",General,Unknown,,EA,328,9607,in_stock,0,True,,0,0,0,,0,0
5358449,,3/4 X 2 SCH40 316/L SS NIPPLE,General,Unknown,,EA,328,5133,in_stock,0,True,,0,0,0,,0,1
1090380,,LF 1-1/2x3/4 HEX BUSHING BRASS,General,Unknown,,EA,328,9600,in_stock,0,True,,0,0,0,,1,1
7262260,1832001,ISE HWT300  1300W Hot Water Tank 45469-ISE,General,Unknown,InSinkErator,EA,328,1433,in_stock,0,True,,0,0,0,,0,0
9516060,,GERBER WS-20-902 MAXWELL 2PC RF 1.28GPF TLT WHT,General,Unknown,Gerber,EA,328,8630,in_stock,0,True,,0,0,0,,0,0
8023,,401-211 1-1/2x1-1/2x1 TEE SxSxS,General,Unknown,,EA,328,1280,in_stock,0,True,,0,0,0,,0,1
2678629,,LAARS RW0034500 PILOT BURNER NAT (Replaces W0034500),General,Unknown,,EA,328,4210,in_stock,0,True,,0,0,0,,0,0
7433098,,"1801-532 6x4"" SxSxS RED TEE CPVC80",General,Unknown,,EA,328,7017,in_stock,0,True,,0,0,0,,0,0
1435,,3 COUPLING STYRENE HxH (P602),General,Unknown,,EA,328,7600,in_stock,0,True,,0,0,0,,0,0
7925585,1908506,KOHLER K-27000-4-BN OCCASION 1H 1HDL LAV FCT BN,General,Unknown,Kohler,EA,328,2789,in_stock,0,True,,0,0,0,,0,0
6649,,1/2xCLOSE NIPPLE BRASS,General,Unknown,,EA,328,8396,in_stock,260,True,,0,0,0,,0,1
921889,,141-F 1-1/2 FELT RING HANGER EG 1000150F    3300-0150FL,General,Unknown,,EA,328,2739,in_stock,0,True,,0,0,0,,0,0
2586464,3298372,KOHLER K-22062-CP GRAZE 1HL PULLDOWN KIT FCT CP,General,Unknown,Kohler,EA,328,2614,in_stock,0,True,,0,0,0,,0,0
6422143,2345131,"GROHE 26.585.EN0 SMARTACTIVE  SQUARE 24"" SHOWER RAIL SET BN",General,Unknown,Grohe,EA,328,9321,in_stock,0,True,,0,0,0,,0,0
2403298,2314665,"FM PRO8F20 3/8Fx3/8OD 20"" FLEX MALE COMP x FEM COMP",General,Unknown,,EA,328,1778,in_stock,0,True,,0,0,0,,0,0
7304037,1980198,KOHLER K-99760-4-2MB HONESTY 1HL LAV FCT 2MB,General,Unknown,Kohler,EA,328,5937,in_stock,0,True,,0,0,0,,0,0
49,,"3""     x 20' ""M"" COPPER TUBE",General,Unknown,,EA,328,877,in_stock,0,True,,0,0,0,,0,0
5612126,,HANSGROHE 26455001 SQ WALL OUTLET W/CHECK VALVE CHROME,General,Unknown,Hansgrohe,EA,328,6433,in_stock,0,True,,0,0,0,,0,0
9946,,2-1/2 90 ELBOW GALV,General,Unknown,,EA,328,5993,in_stock,0,True,,0,0,0,,0,0
2137217,2048379,BWC LE3-40S3-3 40GAL ELEC  COMMERICAL WATER HEATER,General,Unknown,,EA,328,6327,in_stock,0,True,,0,0,0,,0,0
973223,1802145,BWC 415-42540-02 1500W 120V THREADED ELEMENT (OLD PART# 265-42540-02),General,Unknown,,EA,328,8848,in_stock,0,True,,0,0,0,,0,1
4642947,,"KOSO EV300VB-7  3/4"" VERTICAL EARTHQUAKE VALVE (Bottom Inlet) ",General,Unknown,,EA,328,2185,in_stock,0,True,,0,0,0,,0,0
4493410,,"RGD 64962 DEBURRING TOOL 73 1-1/2"" - 3 "" PIPE SIZE",General,Unknown,,EA,328,7771,in_stock,0,True,,0,0,0,,0,0
7759730,1742840,KOHLER K-27428-BL TOWEL RING,General,Unknown,Kohler,EA,328,1858,in_stock,0,True,,0,0,0,,0,0
5968550,,1x3/4 FTGxC FLUSH BUSHING (618),General,Unknown,,EA,328,2795,in_stock,0,True,,0,0,0,,0,0
3635082,2006856,"NAVIEN GXXX001897 VENT PIPE EXTENSION 39"" METAL NON CONDENSING (NAViVENT)",General,Unknown,Navien,EA,328,353,in_stock,0,True,,0,0,0,,0,1
6205389,2497456,KOHLER K-T73140-4-BL COMPOSED  DIV TRIM BL,General,Unknown,Kohler,EA,328,1694,in_stock,0,True,,0,0,0,,0,0
7676746,1918710,KOHLER K-30612-VS JOLT PULLOUT KIT FCT VS,General,Unknown,Kohler,EA,328,8464,in_stock,0,True,,0,0,0,,0,0
84,,"4""     x 20' ""M"" COPPER TUBE",General,Unknown,,EA,328,7164,in_stock,0,True,,0,0,0,,0,0
6808197,1707189,KOHLER K-T14420-4G-BL PURIST  T&S TRIM SET W/ PUSH DIV BL,General,Unknown,Kohler,EA,328,7937,in_stock,0,True,,0,0,0,,0,0
6998,,4x3 REDUCING COUPLING GALV,General,Unknown,,EA,328,8966,in_stock,0,True,,0,0,0,,0,0
4687637,2057453,ISE H-VIEW-SNSS Hot H2O Dispenser w/ Tank SN 44716A,General,Unknown,InSinkErator,EA,328,5668,in_stock,0,True,,0,0,0,,0,1
30085,,"PPP SWA-500 ""A"" 1/2"" SWEAT WATER HAMMER ARRESTER",General,Unknown,Precision Plumbing Products,EA,328,3421,in_stock,0,True,,0,0,0,,0,0
2215,,"3"" UPC BRASS CLEANOUT PLUG (ABA178)",General,Unknown,,EA,328,2752,in_stock,53,True,,0,0,0,,0,0
2315461,,1-1/2x6 20GA SJ EXTENSION TUBE 792-20-1 2313 ML7921,General,Unknown,,EA,328,3045,in_stock,0,True,,0,0,0,,0,0
6991,,3/4x4 P/C WIRE PIPE HANGER 10GA (W34410) (WPH3/4x4-PL-10),General,Unknown,,EA,328,3940,in_stock,0,True,,0,0,0,,0,1
2736,2417082,RW 267 1-1/2 IPS BRASS GATE VALVE (NON-AB1953),General,Unknown,IPS Corporation,EA,328,8297,in_stock,0,True,,0,0,0,,0,1
4585783,2015252,TOTO CST642CEFGAT40#01 NEXUS  1PC EF ADA 1.28GPF TLT COTTON,General,Unknown,TOTO,EA,328,7579,in_stock,0,True,,0,0,0,,0,0
5223256,3100878,KOHLER K-5310-0 CIMARRON EF SKIRTED 2PC TLT ADA WHT 1.28GPF,General,Unknown,Kohler,EA,328,687,in_stock,0,True,,0,0,0,,0,0
3183386,2741372,KOHLER K-4775-0 BREVIA Q2 ROUND FRONT TOILET SEAT QUICK RELEASE WHITE,General,Unknown,Kohler,EA,328,9308,in_stock,0,True,,0,0,0,,0,0
2161013,,GROHE 20.572.EN1 CONCETTO 2HDL 8CC LAV FCT BN,General,Unknown,Grohe,EA,328,6535,in_stock,0,True,,0,0,0,,0,0
5880868,1859565,KOHLER K-2967-BR1 20X26 FRAMED MIRRORED CABINET OIL RUBBED BRONZE,General,Unknown,Kohler,EA,328,8304,in_stock,0,True,,0,0,0,,0,0
7753938,2916241,KOHLER K-28271-VS COMPONENTS  PD KIT FCT W/ RESPONSE VS,General,Unknown,Kohler,EA,328,7603,in_stock,0,True,,0,0,0,,0,0
6362,3388270,1-1/2x2-1/2 NIPPLE BRASS,General,Unknown,,EA,328,940,in_stock,0,True,,0,0,0,,0,1
5530619,2584346,3/4 ST 90 ELBOW SPGXS CPVC CTS FLOWGUARD GOLD (CTS-2304)(4707-2),General,Unknown,,EA,328,6054,in_stock,0,True,,0,0,0,,0,0
1217820,,LF 1-1/2x1-1/4 HEX BUSHING BRASS,General,Unknown,,EA,328,3546,in_stock,0,True,,0,0,0,,0,1
9008656,,LF 1x3/4 COUPLING BRASS,General,Unknown,,EA,328,4022,in_stock,0,True,,0,0,0,,0,1
9614,,3/4x7 NIPPLE GALV,General,Unknown,,EA,328,9021,in_stock,57,True,,0,0,0,,0,0
6907398,2645687,"ZOELLER 292-0002 N292 2"" 115V 1/2HP HIGH HEAD SEWAGE NON-AUTO 20'",General,Unknown,,EA,328,9112,in_stock,0,True,,0,0,0,,0,1
5587923,1930382,KOHLER K-23488-4-CP PARALLEL 3-HOLE DECK MOUNT TUB FILLER W/ HANDSHOWER,General,Unknown,Kohler,EA,328,4890,in_stock,0,True,,0,0,0,,0,0
7854904,2869216,KOHLER K-37054-CP ALTEO TP HOLDER CP,General,Unknown,Kohler,EA,328,9214,in_stock,0,True,,0,0,0,,0,0
3162551,,"1-1/2"" PE GAS CHAMFERING TOOL (58508)",General,Unknown,,EA,328,8437,in_stock,0,True,,0,0,0,,0,1
41608,,"JCM 201-008401 1/2"" IPS REPAIR COUP (SB-411)",General,Unknown,IPS Corporation,EA,328,5634,in_stock,0,True,,0,0,0,,0,1
2311,2851853,6x2 SAN TEE NH,General,Unknown,,EA,328,2572,in_stock,0,True,,0,0,0,,0,0
6593356,,"1829-007 3/4"" SxS COUPLING CPVC80",General,Unknown,,EA,328,4089,in_stock,0,True,,0,0,0,,0,1
4486151,1867113,"KOHLER K-11893-2MB PURIST  24"" GRAB BAR 2MB ",General,Unknown,Kohler,EA,328,6178,in_stock,0,True,,0,0,0,,0,0
1848072,1788406,"ROHL R1040R VOL CONTROL ROUGH 3/4""",General,Unknown,Rohl,EA,328,7264,in_stock,0,True,,0,0,0,,0,0
7034463,3058396,"KOHLER K-6585-0 IRON TONES  24-1/4"" SR CI SINK WHT",General,Unknown,Kohler,EA,328,2840,in_stock,0,True,,0,0,0,,0,0
5913,2948307,2 SHORT SWEEP 1/4 BEND NH,General,Unknown,,EA,328,9892,in_stock,0,True,,0,0,0,,1,0
9988709,2598291,KOHLER K-3981-0 TRESHAM EF 1PC SKIRTED TLT W/ SEAT ADA HEIGHT WHT 1.28GPF,General,Unknown,Kohler,EA,328,914,in_stock,0,True,,0,0,0,,0,0
6663535,3278981,KOHLER K-99007-NA VERDERA  24x30 MEDICINE CABINET,General,Unknown,Kohler,EA,328,3056,in_stock,0,True,,0,0,0,,0,0
6663782,,"WILKINS 70XLDUC 3/4"" PRV VALVE (34-70XLDUC)",General,Unknown,Wilkins,EA,328,4751,in_stock,0,True,,0,0,0,,0,1
4660768,2355909,KOHLER K-14406-4-BL PURIST  WS 2HDL LAV FCT BL,General,Unknown,Kohler,EA,328,8506,in_stock,0,True,,0,0,0,,0,0
2957039,,ICERA C-5530.01 VISTA EF WALLHUNG TLT W/SEAT WHT,General,Unknown,,EA,328,5964,in_stock,0,True,,0,0,0,,0,0
9931,2925103,1-1/2 CLEAN-OUT TEST TEE ABS (ABS445) (102114S)  (5811-14-V),General,Unknown,,EA,328,7297,in_stock,0,True,,0,0,0,,0,1
4038098,2305354,KOHLER K-98804-CP-0 PUREWASH PUREWASH MANUAL EF BIDET SEAT WHT,General,Unknown,Kohler,EA,328,1649,in_stock,0,True,,0,0,0,,0,1
2343,,2x1-1/2x1-1/2 REDUCING TEE BLACK,General,Unknown,,EA,328,1111,in_stock,21,True,,0,0,0,,0,1
3849682,,SIOUX 696-G2313MF 1/2 MIP/SWEAT OxBox W/ ARRESTERS WASH,General,Unknown,Sioux Chief,EA,328,4194,in_stock,0,True,,0,0,0,,1,0
6829454,2343481,MAAX 105705-R-000-001 RUBIX RH 60x32x18 ACRYLIC TUB WHITE,General,Unknown,Maax,EA,328,8411,in_stock,0,True,,0,0,0,,0,1
3753501,1799622,FM PRO-45 FILL VALVE,General,Unknown,,EA,328,406,in_stock,0,True,,0,0,0,,7,0
1163131,,1-1/4x1 FTGxPRS RED (PC600-2),General,Unknown,,EA,328,915,in_stock,0,True,,0,0,0,,0,1
2095,,1-1/4x5 NIPPLE BLACK,General,Unknown,,EA,328,9923,in_stock,0,True,,0,0,0,,0,1
7491,,2406-EG 7/8 OD STRUT CLAMP EG (OD0087EG) EOD-0087EG,General,Unknown,,EA,328,6054,in_stock,0,True,,0,0,0,,0,0
4165358,2829832,KOHLER K-98068-4-CP ARIFACTS LEVER FAUCET *HANDLES ONLY* CP,General,Unknown,Kohler,EA,328,2707,in_stock,0,True,,0,0,0,,0,0
5449216,2761372,ELKAY LZS-8WSLK SINGLE WATER COOLER / EZH20 STATION COMBO,General,Unknown,Elkay,EA,328,2632,in_stock,0,True,,0,0,0,,0,0
4141569,3242535,KOHLER K-23527-CP TOILET TISSUE HOLDER,General,Unknown,Kohler,EA,328,764,in_stock,0,True,,0,0,0,,0,0
9639311,,"2""CIx1-1/5""PL TRANSITION COUPLING (6CP215)",General,Unknown,,EA,328,3836,in_stock,0,True,,0,0,0,,0,0
7227791,3128338,DELTA RP2393 LEVER HANDLE ASSY,General,Unknown,Delta,EA,328,2079,in_stock,0,True,,0,0,0,,0,0
7684843,2377026,KOHLER K-40TD00N10-CP MACH WAVE DC POWERED 1.28GPF CLOSET FLUSHOMETER  (REPLACES K-10673-SV),General,Unknown,Kohler,EA,328,2961,in_stock,0,True,,0,0,0,,0,0
3888687,1991969,KOHLER K-25160-2MB COMPONENTS  18IN GRAB BAR 2MB,General,Unknown,Kohler,EA,328,1023,in_stock,0,True,,0,0,0,,0,0
1950817,,AOS 100109508 CONV KIT 2000/2000 208VT OR 2500/2500 240VT,General,Unknown,,EA,328,5507,in_stock,0,True,,0,0,0,,0,0
4148193,,RHEEM SP16351A GAS CONTROL (STAT) WR,General,Unknown,Rheem,EA,328,7393,in_stock,0,True,,0,0,0,,0,0
8569627,2302027,GERBER HE-20-370 ULTRA FLUSH EF W/M B/O 1.28GPF TOILET WHT,General,Unknown,Gerber,EA,328,835,in_stock,0,True,,0,0,0,,0,0
1934174,1713800,KOHLER K-81149-DA1 MAXSTOW 30x40 FRAMLESS DOUBLE DOOR MIRRORED MEDICINE CABINET,General,Unknown,Kohler,EA,328,9307,in_stock,0,True,,0,0,0,,0,0
5805577,2643297,"KOHLER GP85555-CP DIVERTER BATH SPOUT CHROME 1/2"" IPS  (#56)",General,Unknown,Kohler,EA,328,3546,in_stock,0,True,,0,0,0,,0,0
53383,,LENOX 1787564 2-1/8 WOOD BORING BIT (33212 LL212),General,Unknown,Lenox,EA,328,6440,in_stock,0,True,,0,0,0,,0,1
